{"cameraMode":{"drawMode":0,"name":"Shaded","section":"Shading Mode"},"sceneLighting":false,"audioPlay":false,"sceneViewState":{"m_AlwaysRefresh":false,"showFog":true,"showSkybox":true,"showFlares":true,"showImageEffects":true,"showParticleSystems":true,"showVisualEffectGraphs":true,"m_FxEnabled":true},"in2DMode":false,"pivot":{"x":-13.296277046203614,"y":1.4717559814453126,"z":21.45964813232422},"rotation":{"x":-0.03191601112484932,"y":0.8346035480499268,"z":-0.5477729439735413,"w":-0.04862796515226364},"size":42.528778076171878,"orthographic":false}